0,1,2,3,4,5,6
0.14709,0.07092,0.04688,1725.8946,1885.88946,53.60801,-9.49155
0.16675,0.07526,0.08594,1797.0916,1918.89451,47.14301,-9.75384
0.18445,0.08585,0.08008,1850.18778,1950.25235,39.18549,-8.73909
0.22791,0.09682,0.08398,1889.32171,1981.59625,52.27133,-12.0251
0.26413,0.10799,0.08008,1746.11191,1825.38068,72.76958,-8.36123
0.26413,0.09708,0.07324,1779.51476,1881.82925,47.8124,-8.51591
0.19467,0.07744,0.06152,1570.48645,1776.06926,49.8339,-6.27865
0.17432,0.07666,0.05566,1483.05113,1643.24357,65.41442,-4.25256
0.18439,0.07504,0.06055,1316.27976,1563.94182,106.87152,-4.55561
0.18439,0.07905,0.05957,1214.06976,1348.58189,160.82927,-3.99901
0.17841,0.07638,0.06055,1143.25466,1384.82468,233.28284,-6.0647
0.17841,0.06619,0.05859,1222.34943,1421.2243,209.81842,-3.7924
0.12015,0.05738,0.07129,1199.90959,1359.67758,119.9211,-6.73246
0.12015,0.04674,0.0791,1242.52582,1429.55449,85.31979,-4.28599
0.09259,0.04099,0.07227,1578.31089,1664.2339,60.04742,-3.80753
0.09259,0.03842,0.05762,1497.41477,1646.17352,147.67636,-5.74687
0.08044,0.03692,0.04199,1324.75684,1622.58714,334.33545,-4.92089
0.0614,0.03474,0.05078,1468.09328,1692.49657,226.33319,-9.18838
0.05753,0.03135,0.05664,1930.96733,2195.91186,60.26932,0.51791
0.05945,0.03358,0.04883,1977.00957,2463.46526,48.50558,-2.13669
0.08124,0.03968,0.04297,1827.6485,2265.37513,48.62954,-1.81779
0.08124,0.04782,0.07129,1657.35436,2073.49072,65.85178,-6.04891
0.08084,0.05268,0.09668,1971.63788,2277.76009,34.62086,-5.12172
0.07465,0.05656,0.07812,1854.36484,2132.06442,42.36456,-5.25882
0.0925,0.05989,0.08008,1576.31885,1874.1462,70.99332,-3.72218
0.09912,0.06315,0.08789,1529.03576,1778.59079,66.80071,-8.87788
0.1167,0.06407,0.05957,1514.43266,1856.69957,73.87035,-8.08777
0.1167,0.06229,0.04102,1245.05975,1632.69798,120.59136,-6.36261
0.09866,0.05926,0.03906,1245.47496,1656.38173,82.70329,-5.14451
0.09439,0.06308,0.0498,1204.87802,1622.8085,88.93269,-4.83038
0.09433,0.06148,0.05078,1201.77822,1615.19404,93.51485,-4.82759
0.10474,0.0541,0.04395,1216.12819,1681.34047,138.53786,-2.55174
0.10474,0.05095,0.04297,1439.25082,1887.22966,103.298,-6.47216
0.33392,0.0756,0.0293,1260.29352,1838.60499,240.56017,-4.91404
0.38962,0.1148,0.0459,1527.3132,1814.12207,106.81565,-7.28876
0.38962,0.09757,0.05273,1525.69075,1692.68266,86.95101,-6.98728
0.16714,0.07363,0.05566,954.67029,1331.64378,578.92828,-3.51678
0.16714,0.07687,0.0625,941.8761,1452.13746,574.84497,-1.19135
0.146,0.06599,0.05273,1241.61457,1697.04347,237.86829,-1.97053
0.12708,0.05898,0.04395,1402.62522,1879.22161,210.23705,-3.71408
0.1951,0.05893,0.05566,1354.07627,1986.15375,191.87213,-3.72482
0.1951,0.06128,0.05078,1245.79936,1931.81986,275.48685,-2.81504
0.09454,0.041,0.03906,1500.93029,2103.97571,101.33757,0.91943
0.09454,0.03613,0.03906,1015.73208,1702.23382,560.93292,0.2219
0.07944,0.03426,0.02637,1175.5739,1982.03919,411.93127,-0.69227
0.07944,0.03247,0.02832,961.57481,1625.3865,502.63559,-1.10339
0.06906,0.03225,0.02734,969.39187,1499.73582,753.39905,3.49003
0.0733,0.03476,0.02344,1114.51293,1542.19093,532.64294,-3.89922
0.0733,0.03444,0.02246,903.4787,1482.25276,1036.59827,-4.13016
0.0856,0.0402,0.0293,998.06629,1505.4279,863.13666,3.75547
0.0856,0.04355,0.02734,959.44177,1447.19606,1129.14417,1.27524
0.08484,0.04084,0.02246,1020.73383,1508.56416,859.35736,2.94487
0.09927,0.04256,0.02637,984.31401,1577.96009,902.46796,4.00978
0.15317,0.0577,0.03027,1122.85148,1665.75734,464.94525,-3.51825
0.15317,0.06417,0.03125,1160.37335,1434.3242,345.53735,-8.4444
0.12653,0.05576,0.03125,938.23411,1266.20875,1168.26965,-8.83797
0.11221,0.04409,0.03027,831.86559,1292.16437,1643.23389,-4.18434
0.10333,0.04459,0.03125,938.87574,1361.17887,761.78082,-1.28051
0.10333,0.0476,0.0332,952.45157,1446.74889,591.83893,1.13912
0.09546,0.04402,0.03027,880.64024,1413.30186,735.23773,-0.32456
0.09546,0.03782,0.0293,963.81529,1536.29968,539.1001,1.13858
0.07358,0.02765,0.0332,838.16855,1423.36119,751.29791,1.10298
0.27472,0.06419,0.03613,1008.64241,1568.39786,384.26389,2.594
0.34982,0.13622,0.04297,2094.6522,2152.99994,28.89963,-5.26498
0.34982,0.1548,0.05469,1780.24897,1850.85394,54.75656,-8.52733
0.29898,0.13615,0.06152,1183.12434,1311.31585,534.74957,-5.01258
0.32104,0.12552,0.0498,1064.799,1170.30553,693.18512,-5.45418
0.32104,0.11081,0.04785,1097.55237,1235.9658,785.28052,-6.3305
0.25549,0.09754,0.05371,1021.24581,1195.35922,1140.05823,-5.49866
0.22122,0.09239,0.05176,1171.27809,1315.39215,591.96887,-8.72255
0.20746,0.08681,0.04102,837.01997,1294.89521,1475.60889,-4.60357
0.14484,0.05759,0.02148,825.05884,1399.93388,1366.46448,-3.06379
0.13425,0.04381,0.02246,835.98118,1421.33593,1028.72363,-3.76334
0.13425,0.04218,0.02539,859.58058,1507.96656,1083.61804,-3.061
0.08585,0.03075,0.02637,937.08679,1597.85554,657.68427,-0.88037
0.07242,0.02787,0.0332,1064.15973,1692.76352,348.82922,-0.94909
0.06546,0.02173,0.0332,1265.70825,1855.7439,175.69409,1.30694
0.02927,0.01391,0.04883,1643.35764,2002.28593,99.01494,-4.46391
0.02551,0.01322,0.05762,1738.21348,2044.2363,49.37289,-2.28182
0.02551,0.01284,0.03613,1073.74872,1705.62115,518.08813,0.02144
0.02304,0.0097,0.02051,940.18749,1659.57608,1696.06177,-1.2697
0.03085,0.00864,0.02051,1061.70205,1780.12716,654.70551,-1.69031
0.31439,0.06868,0.05762,1983.19001,2271.9254,38.83942,0.54031
0.37631,0.147,0.07031,1587.66272,2017.77653,56.3909,-4.91357
0.42142,0.18633,0.04102,1458.60355,1866.04209,175.36945,-6.14062
0.42142,0.16778,0.04004,1707.33174,1859.79877,62.55991,-7.46983
0.3129,0.13035,0.05957,1766.06326,1855.0341,34.52449,-5.98749
0.23276,0.1017,0.06836,1694.45759,1712.38693,38.43077,-2.24416
0.19614,0.09845,0.05762,1637.24123,1658.87062,108.19489,-6.58943
0.19614,0.09844,0.03711,1400.70481,1677.9676,324.52493,-8.67066
0.18924,0.07409,0.03223,1135.40075,1616.14368,879.8598,-6.95138
0.13843,0.06266,0.04199,1196.3046,1678.56034,439.00415,-3.8932
0.30872,0.07713,0.04883,1205.45086,1839.5834,373.05093,-3.74002
0.56235,0.13846,0.05566,1261.84744,1728.27928,368.32782,-4.69607
0.56235,0.18581,0.06934,1675.94848,1979.65707,77.32553,-7.80858
0.5582,0.18342,0.0791,1510.76354,1845.60107,161.5596,-4.85016
0.37305,0.16435,0.05957,1748.32587,2037.79855,88.83115,-4.79114
0.37305,0.15114,0.04395,1523.50407,1953.60623,94.46979,-2.56368
0.3121,0.14119,0.05176,1395.21161,1812.28892,186.96611,-6.24315
0.33722,0.1344,0.05469,1395.14294,1826.68618,199.64944,-4.27451
0.33722,0.1275,0.05469,1443.20102,1922.0094,157.04044,-7.25804
0.32324,0.12594,0.06152,1241.35271,1598.95144,430.7067,-6.10988
0.27524,0.1245,0.06152,1232.13609,1624.71152,344.34372,-5.62893
0.27524,0.11211,0.06934,1558.71446,1763.4726,138.14056,-7.46686
0.23398,0.09257,0.0752,1520.69296,1555.7877,284.3338,-4.18241
0.17862,0.08199,0.05859,1413.82886,1610.13431,145.63316,-2.28501
0.12085,0.07532,0.05078,1443.65098,1705.07949,116.76915,-6.6053
0.12085,0.07036,0.04492,1259.70803,1587.82357,287.55591,-6.28393
0.13159,0.07811,0.04688,1369.11835,1596.08198,297.34344,-2.51494
0.134,0.08594,0.0498,1459.0243,1732.76657,169.41966,-5.28906
0.15207,0.09323,0.05664,1600.94225,1913.55208,95.2769,-5.39765
0.1788,0.09649,0.07715,1906.3977,1973.78378,59.93938,-6.75702
0.26947,0.11106,0.08984,1837.80771,1827.56519,90.63807,-5.42997
0.35849,0.15317,0.09473,1898.84083,1997.37723,81.2782,-8.19355
0.35849,0.1669,0.06738,1545.95035,1960.87727,136.7937,-8.60924
0.33179,0.13643,0.0459,1550.09295,1840.16893,151.08296,-10.82149
0.28149,0.11718,0.06348,1565.10939,1851.5273,115.16735,-10.51222
0.28149,0.11919,0.08105,1676.69011,1882.03487,76.3015,-8.77941
0.24472,0.11153,0.08105,1748.41065,1876.62347,57.50653,-8.24717
0.23508,0.10548,0.08301,1715.89088,1857.97993,36.74952,-7.39562
0.23508,0.10376,0.0791,1750.37861,1841.63342,51.25519,-9.26355
0.34506,0.11623,0.06934,1640.27711,1742.55847,84.99397,-9.39486
0.39978,0.14583,0.07227,1531.94713,1606.68317,95.54105,-8.69512
0.39978,0.15115,0.07812,1649.03556,1661.61099,71.27274,-8.55526
0.36847,0.13496,0.0752,1592.55861,1751.84301,79.76023,-6.10523
0.3038,0.1313,0.07129,1505.17101,1703.05513,111.70192,-5.566
0.31323,0.12424,0.06836,1319.37287,1558.72778,241.81499,-6.0925
0.33762,0.11108,0.0791,1465.52791,1464.24519,130.83777,-6.5648
0.33762,0.11328,0.09668,1411.51761,1460.5497,152.88434,-7.97685
0.32928,0.11416,0.07715,1324.61017,1489.22279,138.13112,-9.6186
0.19974,0.09685,0.06445,1243.08468,1536.13869,152.0358,-8.51824
0.19113,0.07159,0.07715,1320.44828,1585.18774,92.25003,-6.04162
0.14902,0.05476,0.07422,1199.53161,1481.98049,123.28252,-6.69327
0.10748,0.04265,0.06836,1153.17274,1538.95568,148.38689,-3.03846
0.08105,0.03626,0.07812,1229.98935,1603.39356,157.43661,-2.17917
0.08105,0.03419,0.07715,1220.50352,1590.19867,181.51862,-4.36509
0.05743,0.02558,0.06934,1153.11109,1445.33514,235.65034,-4.24968
0.04947,0.02845,0.07031,1453.86433,1718.80998,50.30341,-5.65357
0.06015,0.02939,0.07031,1441.62879,1802.38267,43.23718,-2.21197
0.06268,0.0319,0.06055,1271.40483,1729.27805,88.67382,0.5294
0.06268,0.03342,0.04688,1396.99554,1830.91278,91.65391,0.90662
0.06787,0.03665,0.05078,1486.96805,1928.05572,93.48868,-2.62066
0.1199,0.05404,0.05371,1467.89851,1898.9482,95.07923,-6.62327
0.13684,0.07202,0.03906,1294.65305,1506.14568,121.77773,-8.19011
0.13684,0.07767,0.02832,885.6033,1274.16348,1609.23669,-7.93646
0.14157,0.0765,0.02246,953.47174,1356.59521,848.55902,-5.2956
0.14157,0.07161,0.02246,953.29368,1349.51578,1050.51819,-5.17389
0.11023,0.05588,0.02344,941.5366,1339.80684,871.45642,-4.51504
0.10223,0.05748,0.02539,919.69315,1368.84302,695.83582,-3.52993
0.10217,0.05799,0.02441,840.48004,1368.22371,820.4967,-2.00325
0.08932,0.05215,0.02539,960.53768,1506.52759,375.68024,-2.74045
0.47708,0.17194,0.0293,969.09113,1556.4325,425.28247,-5.97035
0.47708,0.20259,0.03809,1737.46993,1989.00589,62.60598,-10.07367
0.47678,0.14897,0.06543,1102.4424,1419.50186,391.06339,-7.51791
0.32425,0.13391,0.0752,1323.891,1422.4832,75.81367,-5.97071
0.33582,0.12072,0.06445,1410.68925,1546.60482,56.7587,-4.29355
0.33582,0.11725,0.0791,1481.5525,1541.26794,54.47897,-4.04625
0.28955,0.1256,0.08105,1493.8376,1569.07416,65.198,-4.53605
0.33243,0.11903,0.06152,1452.42823,1568.39925,69.80811,-6.37734
0.33243,0.11535,0.07227,1451.01426,1650.25668,88.03263,-4.25987
0.25137,0.10193,0.08105,1623.84493,1746.57629,39.56077,-6.59847
0.17935,0.07561,0.08008,1717.99371,1893.51214,36.11139,-5.79585
0.17935,0.05877,0.0791,1623.2747,1898.75156,51.70657,-4.04203
0.12909,0.04637,0.06836,1371.17541,1762.78481,169.71196,-2.34351
0.10312,0.04301,0.06055,1012.85712,1420.88726,585.17596,0.89468
0.1181,0.04758,0.04297,835.98521,1116.19187,4535.7627,0.41161
0.15366,0.06331,0.0293,871.54542,1441.82549,1338.23718,-4.19269
0.19952,0.07782,0.05664,1588.85961,1893.58501,55.67828,1.61743
0.24149,0.08763,0.07617,1934.72241,2052.16431,20.38315,-0.35543
0.24149,0.08684,0.07422,1985.91657,2077.76013,18.96921,-0.13031
0.1705,0.07928,0.09961,2122.14902,2167.16039,16.88425,-1.75913
0.19382,0.07876,0.12207,2299.00018,2175.9603,13.34188,-1.40807
0.19382,0.07636,0.11816,2305.56436,2194.69366,12.98636,-4.08534
0.18054,0.06503,0.09863,2223.02836,2156.2211,19.76497,-6.53295
0.11649,0.06122,0.06836,1612.15901,1849.51192,89.20515,-2.31562
0.12155,0.07711,0.05762,1401.05428,1776.4696,164.91756,-2.60706
0.13577,0.08634,0.06055,1936.06578,1929.63558,45.27933,-3.32819
0.13577,0.08451,0.06934,2014.45193,1983.23089,32.25623,-2.6156
0.11328,0.07469,0.0752,2128.09122,1988.45038,27.45645,-2.95999
0.43579,0.12597,0.06445,2001.14794,1971.32263,41.24184,-3.18951
0.56973,0.19048,0.06836,2235.80319,2217.7748,26.35016,-8.31215
0.56973,0.18614,0.07617,1677.13619,1860.99744,103.62687,-10.40639
0.38974,0.16868,0.07227,1530.5591,1734.87064,134.78638,-7.59574
0.33374,0.16456,0.04883,1576.5388,1836.37437,92.11838,-9.05367
0.33374,0.1352,0.04199,1570.41295,1835.45749,87.29385,-10.72024
0.30978,0.10871,0.0625,1541.49469,1831.37141,87.98633,-8.57607
0.31863,0.0988,0.07422,1701.61514,1822.88922,65.27463,-9.44552
0.31863,0.09081,0.08301,1713.71381,1855.21349,64.03224,-7.32006
0.16776,0.06981,0.06348,1334.7612,1711.44317,167.49278,-7.05891
0.13,0.05993,0.04102,1067.1933,1424.78777,472.16513,-8.92602
0.1116,0.04539,0.04785,1028.08443,1312.10488,900.74847,-3.87057
0.09879,0.04062,0.06055,909.20419,1150.48658,2315.78076,-2.55787
0.14072,0.04745,0.05957,913.3714,1102.57542,4824.90039,-3.25767
0.17792,0.06527,0.05859,1442.19202,1468.32323,120.65469,-5.08759
0.17792,0.07231,0.05859,1475.41088,1882.72812,114.22777,-1.51171
0.13437,0.0636,0.04688,1621.17355,1971.05766,73.55208,-2.24546
0.14236,0.06741,0.04688,1320.34049,1757.74288,122.11354,-1.27905
0.14236,0.06771,0.05469,1252.29304,1683.66579,125.43181,-3.40545
0.12961,0.06135,0.05273,1327.70026,1760.79509,94.96146,-4.39072
0.12784,0.06404,0.04883,1325.18022,1628.6767,79.19615,-3.23751
0.1543,0.07188,0.05273,1311.52911,1637.11465,131.56923,-4.99183
0.1647,0.07816,0.05762,1158.32896,1476.03971,103.50368,-4.75142
0.1647,0.06999,0.05664,1225.40015,1571.81741,132.98006,-2.31775
0.12244,0.06123,0.05566,1229.64541,1685.40607,99.8335,-2.43352
0.12476,0.05862,0.05371,1075.00135,1574.52449,202.10635,-3.8446
0.12476,0.05853,0.04395,984.38996,1369.24605,243.95107,-0.64699
0.10019,0.0525,0.03711,759.70122,1172.83345,892.36951,-4.14483
0.08698,0.03728,0.03516,766.22751,1192.56879,669.23322,-5.09898
0.53314,0.13198,0.02637,895.12613,1375.52101,748.11676,-1.09432
0.53314,0.17587,0.04492,2342.6818,2201.45292,17.33552,-5.19632
0.45709,0.17886,0.07324,1550.31357,1699.68191,120.53204,-4.53886
0.40479,0.17578,0.05078,1108.67386,1325.78619,823.83044,-6.60088
0.39386,0.15019,0.04297,987.03207,1278.06925,1797.53894,-7.99026
0.27811,0.12637,0.04492,987.06181,1213.60008,1289.62402,-6.13001
0.19962,0.09348,0.0293,951.32632,1257.68629,1116.56738,-7.41339
0.13107,0.06268,0.03027,860.07585,1187.11863,919.04858,-6.41386
0.13107,0.05411,0.03125,743.70458,1212.71687,1870.55054,-5.74383
0.09238,0.04608,0.02734,617.36945,1103.35717,5106.26562,-2.9475
0.09677,0.0401,0.02344,656.5847,1159.10238,3217.13647,-1.45538
0.09677,0.02977,0.01953,592.26663,1131.08603,5188.17773,-2.42528
0.04718,0.01815,0.02441,714.91755,1264.14951,3379.40454,-0.17675
0.04718,0.02028,0.0293,869.79825,1401.25062,1311.96094,-0.5619
0.04547,0.01784,0.02441,798.39176,1405.56369,2319.83203,-0.67209
0.03253,0.01283,0.02246,852.9003,1474.66055,1668.9657,-1.18829
0.02649,0.009,0.01855,922.30913,1590.38623,1123.34082,-2.44856
0.1351,0.03187,0.0293,965.79894,1669.16356,871.44855,-0.46913
0.16135,0.05428,0.03809,1412.87042,1585.24024,54.76464,-2.21404
0.16135,0.06057,0.04395,1409.97335,1704.07937,135.62886,-3.74309
0.47653,0.17007,0.06543,841.89632,1134.84185,862.06708,-9.84263
0.53976,0.22922,0.04883,1288.61979,1656.318,493.75418,-11.41626
0.53976,0.18484,0.02246,826.74741,1077.44014,4169.29199,-9.50808
0.34235,0.1294,0.03613,718.09692,924.72149,16309.1875,-8.63508
0.3223,0.14064,0.04688,665.37551,875.2089,23646.36328,-6.40579
0.3223,0.1413,0.03613,590.11182,806.95898,48380.84766,-5.86873
0.32263,0.13101,0.03027,536.34566,760.98319,60062.58594,-5.83946
0.36581,0.15884,0.03125,830.91638,1054.1904,1780.203,-11.67772
0.36581,0.13691,0.02539,690.94339,999.60479,2536.57935,-11.76395
0.56961,0.15457,0.02441,489.90419,807.36077,18995.05469,-7.08847
0.60776,0.31456,0.03418,1804.46259,1997.2755,35.09471,-5.0871
0.60776,0.33839,0.03027,737.06752,1148.26684,3291.43726,-7.37856
0.49872,0.26568,0.01855,618.16975,946.53472,15765.2168,-8.11221
0.48624,0.2283,0.01855,657.85806,979.58,11071.70312,-8.63632
0.36292,0.19701,0.02344,711.18569,1001.24311,10522.5918,-8.28507
0.39993,0.19947,0.02246,656.17361,941.15422,13715.20898,-5.46042
0.39993,0.17609,0.01855,736.8948,1033.21463,6454.84668,-4.4713
0.30112,0.12455,0.01953,720.87898,995.85777,8849.73438,-6.52989
0.28342,0.13525,0.02344,618.85796,930.87788,9786.72266,-6.95989
0.28342,0.13771,0.02344,750.91326,1148.14822,2668.21069,-6.53284
0.2413,0.08392,0.02441,921.80259,1254.47774,1448.16284,-6.44744
0.16397,0.06513,0.02539,1025.52743,1251.12065,562.94196,-6.83982
0.16397,0.07595,0.02344,781.9728,1095.29043,1157.72156,-5.40516
0.15308,0.07438,0.02148,707.76445,1048.71855,2654.26855,-6.02118
0.13864,0.06153,0.02441,728.94932,1066.35638,3444.38159,-6.12912
0.16138,0.07898,0.02734,1144.96574,1233.63268,458.54529,-9.693
0.33887,0.1312,0.02734,580.02844,936.80089,21632.43945,-8.44154
0.40033,0.19977,0.03418,1184.55527,1435.87513,598.53394,-7.82316
0.40033,0.20611,0.03027,940.71965,1250.51838,1752.01685,-7.84684
0.3476,0.16177,0.02148,764.98218,1066.34671,4341.05664,-6.76513
0.29141,0.13753,0.02246,796.17724,1059.12352,3849.28955,-4.94996
0.28299,0.13419,0.02637,721.74491,982.39993,6515.40479,-5.18673
0.28299,0.12272,0.02637,689.25178,942.72632,7663.8418,-6.96518
0.22638,0.09939,0.03027,672.12518,909.14675,8889.7793,-8.00658
0.24707,0.09898,0.03516,711.19303,923.39711,7941.22412,-6.24402
0.30707,0.12861,0.03711,824.96407,999.55489,6265.23438,-9.50784
0.30707,0.13295,0.03027,783.22111,1017.73766,2685.03882,-11.09779
0.23737,0.10929,0.02051,582.80483,926.41287,6621.99414,-7.4293
0.36386,0.14576,0.04688,1458.30088,1936.21526,152.81577,-11.73194
0.36386,0.15952,0.04688,1412.33058,1771.03363,154.31618,-10.43636
0.30151,0.11531,0.0293,666.74759,1047.24685,4858.91113,-9.20096
0.18503,0.09197,0.03516,837.81361,1229.66113,1703.72107,-6.88392
0.20428,0.10504,0.03027,740.44997,1085.22297,3136.99048,-6.41251
0.20428,0.0975,0.02246,650.45714,995.56351,7443.729,-6.36835
0.2038,0.08739,0.02539,677.03258,993.40555,4914.09814,-6.47614
0.31476,0.1099,0.02441,589.90618,964.53808,7770.72705,-4.80749
0.39148,0.1655,0.02832,683.56671,1030.28451,6651.67041,-4.48734
0.39148,0.1783,0.03223,992.22951,1298.54756,694.63049,-7.44413
0.30014,0.13871,0.03223,980.85444,1198.54514,1407.21448,-9.41646
0.25513,0.11886,0.03418,970.07223,1173.00212,1089.63464,-7.25715
0.24667,0.11314,0.03418,986.658,1157.77712,1211.85034,-6.31293
0.25961,0.0954,0.03516,881.66386,1085.18874,2563.25806,-7.09938
0.25961,0.06255,0.02832,988.61891,1138.43503,2082.60132,-9.2482
0.44321,0.09046,0.03223,1161.53106,1245.26539,290.7016,-8.78268
0.44553,0.17877,0.04785,1210.9094,1405.08731,380.49417,-7.49277
0.51242,0.22913,0.03711,993.91781,1351.41834,754.51471,-7.84912
0.51242,0.20134,0.02051,870.34651,1193.67493,1628.67615,-7.13827
0.40289,0.15183,0.02637,797.19386,1092.47464,2220.58521,-5.61391
0.39688,0.1369,0.03418,787.65644,1047.75223,2341.64575,-6.05533
0.34412,0.13471,0.03906,753.57707,992.4001,4033.18286,-6.44455
0.34412,0.12646,0.03613,723.18639,939.24774,6203.45264,-5.763
0.26297,0.1122,0.03027,697.28553,918.40759,6803.66162,-6.81019
0.26297,0.11763,0.0332,813.39383,993.99306,3929.78442,-10.89903
0.2438,0.10781,0.0293,667.78981,906.37605,3804.79346,-13.0969
0.35159,0.13732,0.03809,513.82578,825.33493,27104.89844,-12.18068
0.35159,0.14918,0.05859,1164.85807,1315.65095,238.22266,-10.13004
0.26712,0.1133,0.06445,1609.12379,1790.17319,80.41809,-9.75431
0.21725,0.09971,0.06738,1067.07899,1233.41722,355.3916,-6.79469
0.25595,0.10026,0.05859,1072.49215,1235.55891,494.58792,-6.56258
0.25595,0.1064,0.04883,992.12993,1158.34341,1073.82397,-4.37323
0.24432,0.0836,0.03711,965.59495,1139.0199,1712.86438,-5.64131
0.09674,0.04517,0.03906,935.06352,1138.22587,3559.37939,-9.63349
0.25839,0.07626,0.03613,797.86983,1214.50534,1772.8147,-5.72225
0.30594,0.11804,0.03223,1130.22122,1318.56273,472.40369,-11.2097
0.30594,0.12827,0.03613,803.20605,1169.56833,3994.72852,-10.40729
0.2699,0.10053,0.02637,824.43213,1092.08812,5035.66748,-8.01512
0.15149,0.07017,0.02441,821.08896,1086.67796,7428.87451,-8.11575
0.13394,0.06661,0.02441,881.72011,1076.30973,9163.31738,-9.09905
0.12494,0.06082,0.02051,894.79587,1098.86914,10477.36914,-9.77436
0.1427,0.07082,0.0293,942.37537,1111.31305,6662.81348,-8.15193
0.1427,0.06773,0.03027,981.54432,1205.23048,1347.59619,-11.10269
0.48953,0.15017,0.02051,636.50945,979.5939,8591.14941,-10.69264
0.48953,0.21444,0.03223,1172.38198,1332.5497,482.12686,-9.63782
0.47931,0.1855,0.03418,846.21338,1132.99771,2463.86328,-7.53754
0.33878,0.12321,0.02344,871.91466,1075.19823,2204.57202,-5.8766
0.27328,0.10371,0.03418,914.52731,1057.42937,1600.91699,-6.09081
0.27261,0.1083,0.04883,878.58844,1000.58974,2451.89502,-6.43071
0.23123,0.09788,0.05371,842.76023,983.54617,2997.69141,-5.76622
0.17932,0.0777,0.05371,853.70437,969.83127,3031.05493,-7.1779
0.18881,0.07407,0.06348,838.67397,949.59163,2872.49292,-9.19622
0.18881,0.07359,0.05957,852.45963,940.78232,3411.21069,-7.88805
0.1951,0.06967,0.05078,869.74775,988.00452,3876.19995,-5.43359
0.37482,0.12447,0.05078,841.67412,929.97575,8637.75391,-4.22311
0.37482,0.14602,0.06641,1912.35117,1964.07311,49.58487,-10.08784
0.27658,0.12875,0.07422,1509.06761,1638.27678,161.09959,-6.95739
0.31729,0.12761,0.0625,990.69861,1170.89738,785.94775,-4.25808
0.31729,0.12217,0.04785,987.35712,1207.07014,1278.75024,-3.22823
0.30792,0.14118,0.03418,848.88953,1077.1356,2681.91821,-5.085
0.30792,0.15389,0.02832,739.17106,982.93722,7832.14746,-5.80956
0.27567,0.12977,0.02246,650.25803,925.60875,14160.94727,-5.71797
0.23276,0.10956,0.02734,642.51227,919.59398,9618.16406,-5.29361
0.23276,0.10038,0.02734,662.8126,959.11663,9727.82617,-4.03057
0.19751,0.08003,0.02246,498.64582,831.86259,27653.56055,-2.45194
0.15573,0.06711,0.02051,510.63583,935.06183,20190.85938,-1.1231
0.12665,0.06202,0.02148,536.576,984.37247,25206.72852,-2.58405
0.09796,0.05092,0.02051,556.01444,964.01117,28078.84375,-2.34504
0.07806,0.03794,0.02051,569.25002,1047.84876,21647.46484,-1.87752
0.05402,0.02581,0.02148,612.51007,1160.00093,12923.99707,-3.0211
0.05045,0.01716,0.03809,998.35614,1341.16262,2397.14722,0.2555
0.24005,0.03926,0.07227,1093.23526,1415.44822,541.24115,-1.63697
0.68658,0.28549,0.08594,1387.17361,1469.16392,263.18155,-10.64351
0.68658,0.35043,0.05176,975.19184,1127.68493,1178.41614,-10.41602
0.55841,0.25022,0.0293,843.06726,1060.99167,2616.66602,-11.1014
0.3869,0.18912,0.03711,887.17672,1008.1461,1813.06824,-7.98117
0.37253,0.1849,0.03809,836.98668,922.29681,3828.44604,-7.99785
0.37253,0.17813,0.04004,758.21357,872.65795,5566.2749,-8.52282
0.29672,0.15666,0.04883,757.32123,857.10723,5927.5415,-9.03175
0.27933,0.1351,0.05371,786.80309,874.16668,7160.95898,-8.3843
0.26593,0.11981,0.05078,816.85378,880.6517,4223.51367,-8.97298
0.26593,0.1183,0.05469,804.46551,888.25309,7351.56299,-8.22666
0.57764,0.19435,0.06348,796.7114,921.08234,11679.75977,-7.38284
0.77356,0.28896,0.08496,1639.65964,1750.07801,139.74232,-7.42562
0.77356,0.26102,0.07812,1283.13048,1442.80492,297.48987,-6.06128
0.5047,0.17479,0.06641,1143.13242,1173.62567,338.86649,-9.09593
0.45416,0.17527,0.07715,1091.69654,1122.48885,356.70316,-6.83531
0.45416,0.17576,0.0752,1046.72151,1054.35164,570.92822,-7.62068
0.45874,0.17344,0.0752,1037.20414,1011.96994,619.88104,-9.08196
0.45874,0.16512,0.07422,988.53219,1000.16773,876.69513,-8.57062
0.37781,0.1535,0.07324,1016.15934,999.33365,1062.98645,-9.27539
0.4617,0.15843,0.0752,1127.37568,1104.523,795.76154,-8.3557
0.4617,0.16103,0.07422,1139.519,1123.24458,549.28619,-8.265
0.42184,0.17693,0.07129,1072.79758,1102.1142,793.11273,-10.00427
0.42184,0.1852,0.04688,926.86795,1021.44573,2517.73389,-11.50707
0.41666,0.17511,0.04395,897.02769,971.41089,3563.53223,-12.16386
0.40665,0.18441,0.05566,883.76533,946.38869,8280.12891,-13.03055
0.39676,0.16364,0.04492,830.79344,911.13894,8511.30957,-12.21475
0.34744,0.12322,0.04492,1015.16383,1086.34412,1639.08093,-9.72998
0.54865,0.18723,0.05176,811.08386,937.59264,4982.25537,-10.3508
0.54865,0.2672,0.04102,981.13613,1082.77959,1219.32129,-9.11763
0.53983,0.26462,0.02539,823.07801,1024.28844,2153.32056,-10.90842
0.45621,0.20447,0.02246,779.83305,961.22275,2428.46313,-11.86555
0.42383,0.18636,0.02832,829.15913,921.45767,2715.29175,-13.13363
0.42383,0.20099,0.02832,746.49693,837.99989,7690.59326,-12.99899
0.41464,0.19686,0.02148,695.1904,785.6898,12571.64941,-13.13716
0.39304,0.17634,0.02637,665.75961,763.69551,9890.66699,-12.66231
0.34402,0.16307,0.03418,689.68583,771.32636,14584.15234,-12.96196
0.33469,0.16629,0.03516,700.29242,796.2089,13618.82812,-14.17919
0.33469,0.14908,0.03418,670.25126,842.27455,24602.89258,-13.53513
0.28891,0.11628,0.03711,698.93888,878.10485,19840.64062,-13.81427
0.60205,0.1758,0.04883,892.33033,1176.36411,4119.99219,-9.2497
0.60205,0.22543,0.06152,1466.23565,1553.70572,148.19423,-7.30094
0.59372,0.20026,0.05859,1152.23944,1392.46478,623.03375,-8.81729
0.45282,0.16184,0.06055,1100.22516,1211.11624,518.19226,-7.31743
0.41153,0.15738,0.07422,1112.63428,1159.86434,853.41766,-6.94042
0.35175,0.1644,0.06055,1002.46998,1117.09376,1584.52136,-10.3014
0.25592,0.12587,0.03027,643.13587,985.39742,11079.61621,-9.99215
0.1218,0.06034,0.02734,677.15184,1061.55933,4232.38086,-8.38942
0.11893,0.06201,0.03223,790.67543,1226.72442,1723.51636,-4.90113
0.11426,0.06941,0.02637,691.76775,1181.73371,4702.32031,-4.42141
0.1102,0.05635,0.02246,590.29071,1030.30171,9448.15234,-4.8081
0.08844,0.03521,0.02148,531.24912,917.68927,14153.38574,-3.44768
0.0694,0.0251,0.02148,635.49396,1062.39054,6644.4541,-2.85929
0.05905,0.02055,0.03516,736.59865,1317.73277,3217.48853,-3.50292
0.10825,0.03583,0.04883,1461.51249,2250.75266,196.96777,-4.41606
0.22321,0.07087,0.05957,2099.20485,2230.11824,15.54291,-4.56817
0.42184,0.13807,0.0791,2396.51038,2351.8332,12.87453,-7.56785
0.77493,0.23423,0.1084,2279.93462,2049.68658,10.02047,-8.8542
0.85495,0.31759,0.12305,2357.84114,1889.85647,6.69889,-6.70095
0.85495,0.33502,0.15625,2432.43058,1647.21044,4.58203,-1.38633
0.82285,0.28617,0.19824,2709.51758,1711.97051,2.85275,0.61283
0.65396,0.21705,0.1875,2863.6436,1770.88456,1.45532,-1.49053
0.77768,0.26429,0.17676,2280.51892,1798.81821,8.66661,-9.21894
0.77768,0.32496,0.19824,2752.81407,1817.88084,2.42566,-3.18287
0.75278,0.30502,0.20508,3053.09759,2019.79273,3.45832,-2.62121
0.70166,0.3072,0.17188,2704.42505,1972.08586,5.65608,-5.86738
0.66159,0.3001,0.14258,2528.17768,1934.56947,5.14914,-5.96929
0.49445,0.21897,0.11914,2358.10692,1991.77851,9.47241,-6.55822
0.41052,0.11915,0.10156,2317.84752,1965.57562,7.65999,-3.68607
0.16129,0.07203,0.08984,2265.82017,2056.33397,8.18571,-2.94024
0.38998,0.10287,0.08203,2033.06613,2060.12344,17.97994,-1.92802
0.64255,0.21572,0.09082,2044.75716,2065.04583,12.04872,-5.17104
0.67529,0.31193,0.10449,2498.36397,2107.329,6.35362,-4.99737
0.67899,0.33189,0.12012,2474.23077,2048.2082,7.30766,-2.1665
0.70206,0.32926,0.14844,2580.66773,2031.68504,5.21233,-1.35396
0.70206,0.33435,0.15918,2708.93256,2023.11538,4.18582,0.34169
0.66238,0.31715,0.13281,2490.26898,1963.75259,7.59074,-2.57673
0.61789,0.28667,0.13379,2650.69184,1974.44567,6.28713,-8.44792
0.51102,0.19826,0.13867,2348.90072,1830.03017,8.47525,-8.45349
0.36319,0.06212,0.09766,2335.19943,1964.70242,8.95244,-12.65238
0.07257,0.0281,0.06836,1417.26065,1716.09906,90.58141,-12.85482
0.0506,0.01523,0.08496,1859.07033,1955.52133,32.6258,-6.64737
0.18997,0.02833,0.11328,1985.03131,1873.31379,13.70115,-4.80172
0.18997,0.05801,0.21387,4189.58715,2455.33026,0.55703,-1.76787
0.18552,0.06385,0.36035,4469.45873,1999.88852,0.21296,-1.4258
0.32803,0.13553,0.37402,4549.19969,2033.571,0.32418,-6.01369
0.54886,0.23992,0.20703,2505.14562,2250.52556,13.61186,-6.32862
0.54886,0.25421,0.07812,2442.01943,1938.04533,12.46953,-5.60577
0.50131,0.23122,0.10059,2073.23802,1788.59995,17.97459,-3.36304
0.50131,0.22602,0.12793,2181.46098,1723.75524,15.03028,-4.50285
0.45404,0.16611,0.1123,2299.38687,1730.6372,12.23672,-11.06637
0.24304,0.07982,0.09277,2166.96917,1986.2717,25.65458,-11.73523
0.07724,0.02638,0.10742,2312.95178,2419.36544,18.55628,-6.88381
0.12677,0.03965,0.16211,2945.15445,2656.27474,7.89681,-0.88899
0.21155,0.09196,0.16797,3520.53919,2729.24414,4.12628,-1.75818
0.30746,0.13405,0.11914,2649.9144,2284.82033,9.74015,-7.92407
0.30746,0.13785,0.11328,2622.51435,2168.87602,7.33512,-5.80817
0.29895,0.11269,0.11914,2179.95525,1940.69753,13.98208,-4.78803
0.26929,0.09101,0.10352,1998.61843,1883.73181,17.32322,-7.14439
0.26929,0.07609,0.07422,1784.64308,1937.24077,40.72618,-6.89543
0.15033,0.06982,0.05664,1318.67081,1742.43731,193.71043,-5.1718
0.19989,0.08759,0.05664,1558.61598,1883.60696,144.73595,-2.28004
0.23026,0.10954,0.06543,1639.60159,1972.69846,128.46323,-2.73245
0.23026,0.11632,0.05566,1713.86559,2014.21765,114.60073,-2.6938
0.21451,0.10909,0.03223,1791.25879,2123.79208,44.30656,-2.99381
0.18423,0.10606,0.03418,1667.31344,2077.46041,47.93651,1.19238
0.18665,0.09109,0.03223,1682.16153,2199.3636,73.32606,-2.65233
0.26215,0.0906,0.03711,1641.68176,1991.90164,102.18741,-1.78524
0.26215,0.11876,0.0625,1694.66257,1704.98343,49.87863,-5.0533
0.24637,0.11937,0.05664,1989.26244,1942.60335,36.07264,-4.4968
0.17508,0.10123,0.06934,2208.06801,2047.49918,19.87605,-4.07146
0.17508,0.08713,0.10547,2290.51801,2058.57615,13.53487,-3.44982
0.12115,0.07609,0.08301,2134.24415,1994.16212,16.82894,-9.19155
0.10062,0.07112,0.05859,1867.45886,2074.4507,33.54045,-7.83695
0.18817,0.08139,0.06445,1950.74306,2083.48803,38.95599,-8.00056
0.20425,0.09959,0.08691,2143.84841,1989.05327,22.25106,-11.722
0.20425,0.10486,0.10352,2442.37221,2174.52416,16.50398,-8.35068
0.19864,0.10977,0.09082,2332.14573,2168.84226,26.75482,-2.13596
0.17859,0.1145,0.07812,2227.31813,2098.37897,27.8899,-2.02636
0.2001,0.11335,0.07617,2462.80014,2292.58218,20.21788,-2.52702
0.24261,0.11694,0.08203,2245.15359,2221.8296,23.65314,-4.22354
0.25793,0.12653,0.08008,2192.32912,2180.41498,24.20575,-7.62229
0.25793,0.12498,0.06641,2247.84392,2212.30091,32.5429,-10.08999
0.21783,0.09455,0.0791,2043.87097,2165.90015,39.81251,-5.98231
0.13901,0.06531,0.08398,2158.8654,2163.99807,23.32458,-5.66228
0.08417,0.0629,0.05371,1847.97111,2050.51762,36.22924,-4.01404
0.08154,0.05653,0.0459,1859.1632,2111.42438,43.4294,-8.01749
0.30176,0.08354,0.04688,1770.06213,2064.14605,45.15921,-6.19599
0.30176,0.09894,0.06836,1917.95273,2096.01332,32.32309,-5.9708
0.18729,0.09105,0.08496,2125.83085,2159.9386,23.88032,-5.72101
0.14941,0.09364,0.08398,2207.56831,2210.9343,22.88991,-8.87994
0.14716,0.09734,0.09961,2067.32935,2065.69685,25.16667,-7.9994
0.15121,0.09464,0.09863,2143.59161,2080.06167,18.70473,-6.5457
0.15121,0.09197,0.09766,2133.20701,2043.48152,15.72287,-10.04353
0.12964,0.08638,0.10156,2353.17991,2129.67556,14.16936,-11.90722
0.16025,0.08465,0.08789,2410.7335,2074.35917,14.55301,-10.36381
0.16025,0.09157,0.06641,2336.93156,2049.28868,15.43118,-9.59237
0.14816,0.09148,0.05859,1946.99997,1913.23644,39.87479,-9.28158
0.12323,0.08297,0.06738,2129.39166,2027.78371,28.15108,-6.73215
0.11597,0.07799,0.07617,2425.62846,2139.72385,17.6158,-6.54036
0.09744,0.0751,0.06836,2443.16169,2183.0723,19.06058,-9.43318
0.09625,0.05623,0.05469,2260.34353,2307.27745,26.06346,-9.38708
0.07126,0.03916,0.04297,2276.69772,2421.45007,24.32851,-7.36666
0.07681,0.04176,0.0293,1685.99806,2181.30071,95.90381,-8.22151
0.07681,0.03708,0.02148,1028.9212,1635.45468,580.96039,-2.49395
0.06674,0.03165,0.02539,1139.99133,1760.0481,363.6846,-0.10788
0.06339,0.03012,0.02832,1307.44621,1853.89268,206.28603,2.71889
0.06339,0.02605,0.02832,1105.27484,1694.25103,505.51447,-0.0559
0.05469,0.02444,0.02734,1373.11405,1638.28172,159.90073,-6.37238
0.05518,0.02738,0.04102,1284.6707,1716.36413,139.12274,-2.42705
0.06897,0.03468,0.04297,1213.4343,1686.20322,188.32579,0.80925
0.06897,0.03378,0.02539,864.33289,1475.80895,766.46814,-1.44907
0.06747,0.03289,0.01953,965.20422,1632.71189,388.6864,-2.11892
0.08301,0.04083,0.01855,1046.31184,1621.68544,412.47943,2.12444
0.08301,0.04326,0.02441,1006.35503,1489.16105,966.47223,-1.62712
0.47577,0.12482,0.02734,986.2748,1585.26277,487.59857,-3.10098
0.47577,0.16248,0.0332,1564.23754,1944.42515,108.20293,-8.02203
0.35751,0.129,0.03125,1115.71362,1571.79757,589.95288,-7.12784
0.18631,0.08542,0.03418,953.4349,1328.90655,827.91382,-4.2624
0.16379,0.07932,0.04395,1173.2569,1458.99263,220.13252,-2.75773
0.16379,0.08153,0.03418,1114.95868,1516.06144,347.09543,-5.10287
0.14529,0.07395,0.02539,816.87258,1353.45123,983.15076,-1.2849
0.16876,0.07682,0.01953,715.76355,1315.83852,1329.63599,2.17374
0.16876,0.07539,0.02051,798.21478,1395.63259,897.90607,3.70002
0.13095,0.06462,0.02441,847.29463,1444.0075,752.94617,4.89012
0.12076,0.05304,0.02344,872.35657,1514.63496,464.86191,3.08362
0.10037,0.04185,0.0332,837.02551,1499.62787,716.65149,1.38065
0.10538,0.0391,0.03809,1157.52217,1783.03793,142.95258,0.92686
0.10538,0.03987,0.02832,958.58867,1605.95327,514.41467,-0.00298
0.0932,0.031,0.01953,1025.03971,1629.75429,382.04782,-0.32777
0.05322,0.02303,0.01367,1067.99503,1693.13065,459.46039,1.10912
0.05414,0.02355,0.01953,908.6395,1478.88223,1164.0968,0.47323
0.05414,0.02126,0.02441,793.06723,1351.73768,4108.39551,-1.27889
0.23203,0.06359,0.02539,915.66121,1477.43217,2297.23462,-4.29784
0.56628,0.17105,0.03711,1228.96415,1396.82537,129.6705,-8.9865
0.56628,0.1965,0.03418,965.84308,1249.20609,490.9805,-8.77157
0.3876,0.15983,0.02832,665.78706,872.25164,4109.7832,-8.20051
0.34338,0.14495,0.03418,633.38525,834.18619,8272.99414,-5.91015
0.34338,0.12648,0.03418,573.82264,784.27574,18643.77734,-7.76805
0.33267,0.1265,0.03418,535.12231,730.76365,46396.67188,-5.23797
0.31711,0.12036,0.03223,531.4797,731.01145,66525.63281,-6.50022
0.31421,0.12866,0.0293,761.06598,1050.93118,1491.45215,-4.60574
0.33603,0.14177,0.02539,675.60623,971.37776,2188.05322,-6.16506
0.48602,0.14882,0.02148,487.30545,806.03026,13192.52148,-3.89386
0.60388,0.25094,0.02051,676.58705,1036.81279,4563.54688,-8.9586
0.60388,0.29197,0.02344,1198.75227,1608.1074,653.78009,-8.95898
0.5062,0.22884,0.02344,601.90204,946.86269,17487.96289,-9.17974
0.4101,0.20445,0.01855,694.1453,983.07273,12638.41504,-4.30627
0.4101,0.19095,0.01855,623.81947,921.54115,21564.82031,-5.3067
0.2655,0.13936,0.01953,614.69237,933.73465,17051.56055,-5.42376
0.30698,0.14365,0.01855,694.00653,993.01131,8689.18262,-4.50777
0.33133,0.15674,0.01855,567.76648,878.51699,36839.11719,-4.84888
0.34122,0.16502,0.01953,838.57483,1168.74342,2440.1084,-6.78477
0.34122,0.15394,0.01953,690.82764,1051.05769,4689.21191,-6.46654
0.26019,0.10177,0.02246,688.40527,1038.37159,3514.99268,-6.95504
0.22705,0.09055,0.03223,788.86657,1061.57241,1744.50012,-5.06861
0.22705,0.09202,0.03223,654.37683,930.75402,4974.20068,-5.58085
0.25327,0.08137,0.03125,734.49652,986.81238,2704.58618,-5.52358
0.25327,0.10715,0.03711,754.22086,990.4366,5697.36377,-7.45174
0.22803,0.10196,0.0293,811.48957,1051.78018,2253.8606,-11.24029
0.65182,0.24357,0.02441,533.35586,908.99255,18362.05469,-11.04936
0.65182,0.29893,0.02441,890.13037,1262.92882,3121.771,-7.02491
0.56342,0.21091,0.02246,692.60944,1036.92136,9291.43555,-7.2059
0.37207,0.15499,0.02832,763.70082,1015.23954,5121.83105,-6.87655
0.37207,0.1535,0.03027,798.75519,1011.38938,3343.26904,-5.95717
0.33231,0.13882,0.03223,728.70056,942.85301,5927.12207,-6.56798
0.28857,0.12598,0.03906,705.17885,927.04353,7262.50928,-6.41255
0.27057,0.11529,0.03809,693.32779,886.7685,6703.72119,-7.99233
0.19766,0.09952,0.03027,713.33417,978.74374,6975.69775,-7.44177
0.17694,0.09373,0.03613,891.50019,1366.67273,2694.70776,-5.87723
0.1832,0.09383,0.0459,803.22235,1070.75237,7072.57471,-4.42073
0.29996,0.09266,0.0498,742.2127,937.90274,12304.13379,-6.54462
0.5466,0.1629,0.04785,766.75172,993.23931,5625.78467,-6.47045
0.5466,0.21158,0.04297,1820.24001,1979.48817,68.21744,-5.91097
0.39227,0.20226,0.04395,1220.22119,1413.10263,371.32083,-7.96987
0.42316,0.18131,0.04102,989.73409,1166.44706,1295.35791,-8.20391
0.42316,0.16654,0.04297,966.25899,1136.21549,1266.60107,-7.1212
0.37161,0.16902,0.0498,968.76875,1090.80121,1493.29749,-7.69864
0.29523,0.15308,0.04102,760.95022,1007.90432,5307.3418,-8.31428
0.2644,0.11165,0.02441,577.70781,895.3975,16456.51367,-6.60185
0.2316,0.08659,0.02148,543.29337,880.09428,14368.48242,-4.31522
0.14032,0.07268,0.02441,636.52297,1052.95086,7066.44092,-3.30818
0.10983,0.06593,0.02344,583.95477,1073.17315,10007.52441,-1.96748
0.10925,0.05774,0.02246,818.4837,1364.4989,671.37329,-0.95068
0.09927,0.04618,0.03027,919.8495,1464.41329,335.87604,-1.26648
0.09927,0.04876,0.03418,1329.64686,1641.09028,56.95654,0.6387
0.11325,0.05771,0.03809,1557.30606,1713.05244,19.8168,-1.84601
0.13956,0.06674,0.06738,1831.28217,1789.20134,9.05175,-2.32026
0.25803,0.0857,0.12305,2039.4497,1657.16493,4.09754,-3.2667
0.57474,0.17397,0.14746,2077.30019,1643.8511,3.6329,-6.07142
0.88599,0.30926,0.12109,2030.20641,1637.77104,4.30128,-8.34351
0.92093,0.41226,0.10156,1935.76868,1667.44365,12.11633,-7.076
0.92093,0.4245,0.0957,1872.50815,1741.36836,23.88301,-5.31638
0.78424,0.39649,0.08594,1854.81552,1670.64207,21.69164,-0.82398
0.78079,0.38491,0.07715,2012.35682,1793.19026,26.1706,-5.20035
0.75064,0.38431,0.08594,1910.69043,1800.36738,29.88588,-5.56903
0.6698,0.39005,0.10059,1917.54581,1850.14139,48.51304,-7.32162
0.66779,0.35752,0.09375,2008.70958,1913.60574,41.47543,-7.08602
0.62677,0.30336,0.09766,2106.89332,2003.23046,28.92443,-9.50068
0.62045,0.23613,0.11523,2221.86711,1944.93521,19.65639,-6.87491
0.48117,0.18149,0.11816,2157.95953,1873.58719,20.57863,-5.03389
0.65604,0.23125,0.12988,2068.71561,1825.86507,18.68634,-8.71636
0.65604,0.25351,0.11816,2132.96976,1921.30677,10.75916,-7.32925
0.51846,0.22865,0.09766,2087.73304,2029.03722,14.5902,-5.31902
0.51846,0.21734,0.11328,2387.65183,2033.89277,8.16669,-4.90302
0.47861,0.21939,0.1123,2266.82949,2019.78925,7.51144,-6.34692
0.47861,0.20739,0.09375,1943.41844,1977.50623,20.84629,-10.20786
0.46478,0.17658,0.07324,1530.29679,1703.07778,48.91227,-13.18436
0.39255,0.15118,0.05469,1385.88485,1693.57002,130.59428,-10.75019
0.3356,0.13947,0.04297,1292.36364,1708.86337,133.61723,-7.97785
0.4437,0.15804,0.04785,1296.16459,1756.69214,154.9267,-14.60196
0.54199,0.23258,0.07129,1473.66061,1899.25484,110.71526,-10.86811
0.79254,0.34575,0.08691,1881.1584,1984.74263,31.22202,-11.06285
0.79254,0.42522,0.08691,2066.50637,2059.97288,30.33552,-9.04663
0.71817,0.41449,0.08594,2088.08537,1856.91879,28.17914,-5.89672
0.6976,0.36835,0.09375,2152.82183,1877.21774,29.86024,-5.69999
0.66718,0.35825,0.10254,2094.49485,1876.70432,26.29741,-2.60036
0.6618,0.36058,0.10449,1992.24395,1786.99734,21.98795,-3.61902
0.66843,0.36051,0.10254,1949.83425,1751.66648,21.62251,-8.2148
0.66843,0.36761,0.10254,2050.19068,1835.30793,22.38172,-9.80095
0.63397,0.38147,0.10449,2075.62577,1774.14356,17.2961,-8.03364
0.65485,0.37945,0.10449,2077.09227,1747.46368,17.30029,-5.09791
0.65485,0.34823,0.10645,2113.41306,1827.84932,14.384,-4.0639
0.61038,0.31873,0.12012,2185.51658,1801.08198,16.47173,-5.56041
0.64127,0.32446,0.11426,2259.64815,2011.10159,14.19715,-8.09881
0.67154,0.3538,0.10059,2191.37568,1939.54075,22.28091,-4.22646
0.67154,0.37966,0.11523,2272.16526,1952.52914,28.93407,-2.33384
0.65567,0.38515,0.11523,2350.06752,2102.99792,28.84331,-2.58911
0.65295,0.37201,0.10352,2353.02323,2074.65275,33.43278,-3.72987
0.64795,0.34477,0.09473,2203.71036,2050.20901,25.23805,-5.15132
0.60153,0.31687,0.08301,2145.06577,2067.87179,22.87774,-5.98732
0.55042,0.30055,0.07227,1886.94713,1956.23181,48.04895,-6.14859
0.53043,0.27393,0.07812,1951.78192,1992.49892,42.30558,-7.66603
0.5065,0.23918,0.10352,2176.81897,2211.52562,17.51159,-11.17585
0.5065,0.2122,0.10938,2343.31231,2239.13118,12.91158,-11.57813
0.45078,0.18009,0.09277,1998.38032,2003.65238,19.28889,-8.83796
0.32858,0.14336,0.07129,1728.87732,1772.97245,34.79359,-9.44536
0.31271,0.11202,0.06641,1309.90648,1491.49828,219.07716,-7.53614
0.24323,0.10457,0.0625,1267.96478,1553.77079,260.77963,-8.60867
0.24323,0.09551,0.05273,1039.59107,1443.8351,779.26434,-5.95748
0.18433,0.08981,0.05273,996.27868,1443.78241,996.44714,-7.25204
0.22021,0.09368,0.05176,1102.05,1533.21611,775.67755,-7.01714
0.22021,0.09856,0.05176,1081.73713,1543.92757,805.99866,-9.30023
0.19995,0.10489,0.0459,1269.81387,1780.02598,387.85892,-12.05078
0.19891,0.10972,0.03613,1333.73787,1926.09555,295.58728,-10.02463
0.20511,0.11509,0.02734,1635.09758,2182.73127,135.37105,-10.07328
0.29559,0.13815,0.03125,1684.21819,2158.53197,122.16824,-10.23816
0.31424,0.15056,0.03711,1528.97266,2026.42215,137.56519,-11.84245
0.31424,0.13907,0.03906,1481.19297,2026.36162,125.54655,-8.87432
0.31543,0.13415,0.04492,1539.39065,2007.06363,117.23646,-12.51272
0.31543,0.1334,0.04395,1310.70767,1840.16895,231.75888,-12.40975
0.29938,0.13355,0.04688,1414.237,1965.94144,251.98483,-7.73874
0.29938,0.12881,0.0498,1345.68562,1852.30552,225.81148,-7.85181
0.27097,0.11222,0.04492,1113.00769,1674.43519,658.85248,-7.05715
0.2695,0.11919,0.04395,1455.22342,1971.54714,124.53146,-7.13102
0.2695,0.12225,0.03613,1186.33685,1770.36669,423.48944,-4.33077
0.30099,0.14929,0.03418,1132.6316,1721.27229,480.55157,-4.5047
0.30099,0.15815,0.03516,1525.74328,1942.99879,234.36346,-9.40725
0.27271,0.11657,0.04395,1423.72479,1876.87667,137.86761,-9.2448
0.24176,0.10252,0.05566,1205.47615,1717.4901,214.26143,-5.78178
0.24176,0.1104,0.04688,1250.53338,1769.67658,150.24135,-1.02586
0.21341,0.09618,0.04492,1135.63296,1628.94217,357.29529,-2.86799
0.15204,0.06775,0.05566,1069.59804,1531.02664,364.08875,-5.89561
0.12671,0.05465,0.04297,935.70178,1583.46478,339.38702,-1.07334
0.10538,0.04754,0.02832,837.22764,1463.98344,921.07495,1.04659
0.06799,0.04345,0.02441,885.87047,1475.69079,672.7149,-0.17932
0.0946,0.04599,0.02246,758.29955,1348.07347,1428.22046,-3.61205
0.0946,0.04333,0.02637,755.38805,1354.51718,1102.78833,-2.06745
0.0759,0.0417,0.02637,707.25254,1301.07158,1866.76074,1.26695
0.07227,0.04313,0.02539,917.04451,1456.10674,849.38196,1.99125
0.08466,0.04383,0.0293,950.48181,1435.11251,796.83478,-1.929
0.09351,0.04564,0.03223,854.0337,1451.05748,1322.51697,-2.10455
0.09351,0.04902,0.02441,871.37004,1472.28975,778.4552,-3.27404
0.09235,0.05514,0.02148,805.71709,1396.63069,1741.0675,-0.94746
0.11206,0.05454,0.02051,827.61888,1392.86738,1305.47388,-1.46533
0.23395,0.084,0.02148,782.67589,1366.76876,1775.10095,-3.05235
0.23395,0.10592,0.03516,1019.95576,1392.82842,409.01392,-6.7349
0.19931,0.08701,0.03711,622.99608,1075.42931,3550.48779,-4.97116
0.18362,0.06681,0.02832,729.61734,1212.25589,2174.41138,-4.99906
0.18362,0.06332,0.02832,647.27897,1135.61669,3627.29663,-4.47676
0.12637,0.05659,0.03027,671.56025,1161.06228,5388.76172,-2.24802
0.15179,0.06199,0.02637,748.80536,1263.54521,2911.53931,-1.26979
0.15179,0.06021,0.02734,806.8587,1520.80546,2412.96436,-0.88394
0.15833,0.06428,0.02734,792.55383,1249.28491,2032.03796,-3.45262
0.29608,0.10327,0.02441,774.61031,1493.64187,2625.8418,-2.26091
0.45203,0.15386,0.03418,1746.03498,2093.9159,51.33516,-2.82684
0.45203,0.19487,0.03711,1136.1558,1630.86217,344.37949,-3.55299
0.36646,0.18678,0.02832,1110.23016,1619.82985,546.40631,-4.21168
0.28357,0.1566,0.02734,1219.80711,1714.39789,327.78503,-3.88882
0.28357,0.13035,0.02832,1229.92445,1764.88687,228.0722,-0.57418
0.25757,0.1242,0.03223,1302.5298,1802.93955,247.5638,-1.86304
0.25757,0.12504,0.03223,1309.76661,1753.12037,270.43802,-2.23453
0.2489,0.10838,0.02441,1198.7174,1663.95321,322.12289,-0.08815
0.2489,0.10565,0.03223,1244.58994,1710.00097,230.20438,-0.85517
0.25836,0.10909,0.03125,1249.07338,1695.85453,211.35583,-4.20639
0.25836,0.10006,0.02637,1216.37528,1559.04169,352.25821,-5.27258
0.22421,0.08491,0.03027,1393.80298,1691.15833,146.19403,-4.97796
0.22421,0.09683,0.03613,1288.09493,1548.82009,142.57013,-2.5788
0.21344,0.10281,0.04004,1256.23342,1442.26031,153.68767,-2.86765
0.18439,0.09611,0.03418,1046.20305,1403.71701,545.22217,-0.42973
0.18311,0.08198,0.03027,1107.48877,1593.17856,577.37183,-2.21632
0.18134,0.08357,0.04297,1414.15588,2107.04629,208.18213,-5.19299
0.26367,0.11617,0.04785,1465.98904,2026.32828,161.59831,-9.89152
0.26367,0.1178,0.03906,1291.86096,1824.83854,375.04688,-9.66298
0.21036,0.10094,0.03418,1357.93588,1836.47553,184.62088,-7.76286
0.21036,0.09815,0.02832,1458.01155,1921.63449,167.46812,-6.17274
0.18439,0.08446,0.0459,1305.35518,1726.61218,199.07524,-7.04421
0.18204,0.06591,0.05664,1592.29501,1860.56423,61.58031,-8.80667
0.13629,0.05976,0.05273,1606.39555,1952.12772,109.11775,-8.89769
0.13629,0.06853,0.0459,1421.57444,1904.93534,85.47431,-5.90417
0.1525,0.0768,0.02734,1370.05198,1869.15807,133.3651,2.23788
0.45593,0.14644,0.02246,1213.22744,1732.5003,220.89156,-7.08827
0.45593,0.20231,0.03516,1634.7433,1829.05219,102.3168,-8.77168
0.43259,0.20087,0.04883,1513.82165,1912.87949,141.1274,-11.92179
0.41843,0.1828,0.05176,1461.1317,1850.73622,76.05154,-6.05384
0.39008,0.16689,0.06152,1476.58626,1740.71269,57.04398,-7.0729
0.3233,0.15295,0.07422,1360.6299,1595.19349,55.35301,-7.01771
0.3233,0.14707,0.07324,1256.29187,1588.96038,75.41934,-7.82441
0.29831,0.13512,0.05566,1422.06844,1696.65608,41.2865,-6.65312
0.27658,0.13021,0.05273,1357.53617,1749.40182,47.24063,-5.45761
0.23431,0.11508,0.05957,1377.54147,1756.20581,41.81929,-6.56265
0.23431,0.09448,0.06152,1488.59949,1825.03372,40.44266,-5.74078
0.17804,0.08463,0.06055,1484.42648,1857.22423,46.64269,-2.93774
0.14404,0.071,0.06641,1762.28737,1936.34588,34.84602,-5.52331
0.13394,0.06769,0.05371,1708.97975,1973.75646,39.967,-6.83224
0.14783,0.08261,0.04492,1659.93135,1901.31679,42.07019,-6.35656
0.20581,0.1067,0.0498,1393.69275,1761.17624,91.44235,-6.35228
0.207,0.12098,0.04883,1152.50717,1450.90998,114.38739,-5.28041
0.21472,0.11659,0.06348,1268.99696,1542.81944,74.5438,-4.54485
0.23956,0.11212,0.07422,1279.2217,1569.54405,59.35521,-2.52999
0.28879,0.14074,0.07715,1249.98157,1491.02172,42.63673,-5.74772
0.28879,0.15043,0.05078,1201.71434,1438.84988,48.94429,-8.53131
0.24432,0.12612,0.03906,1219.30673,1484.71017,83.03735,-8.49667
0.1944,0.12248,0.04785,1238.99567,1490.34713,86.1607,-7.73408
0.21457,0.13583,0.04102,1191.26501,1451.16322,118.60296,-8.47972
0.25381,0.14138,0.04004,1064.80855,1436.58991,234.70483,-8.06416
0.25793,0.12767,0.04297,985.35289,1328.63109,327.14935,-6.08043
0.25793,0.11137,0.04297,944.27554,1349.30184,379.40521,-6.1836
0.2095,0.09893,0.04102,856.36727,1222.0128,505.32764,-6.21705
0.45914,0.15214,0.0332,829.38142,1233.05744,530.17218,-6.11388
0.48639,0.19264,0.04785,1673.25162,1816.76697,61.75231,-6.78654
0.48639,0.16196,0.05078,1011.35291,1429.31864,520.46301,-7.61006
0.30487,0.11927,0.02734,848.38427,1186.75151,558.1499,-6.12267
0.32315,0.10995,0.02539,778.94139,1182.33037,828.42883,-2.34422
0.32315,0.11918,0.02637,661.12487,1075.70288,1447.18628,-1.88045
0.30966,0.11619,0.02441,649.43469,1087.9475,2722.65771,-2.15912
0.30966,0.0937,0.0293,803.06719,1260.74309,1237.63013,-1.35463
0.20242,0.08117,0.03125,812.92236,1313.85955,1165.94702,0.09465
0.14435,0.07424,0.02637,854.12311,1355.20772,1008.11829,-2.46414
0.13403,0.07798,0.02148,907.50298,1506.15276,617.61304,-3.47527
0.13403,0.07227,0.02051,800.44339,1407.60083,1122.37842,-4.01894
0.10147,0.05044,0.02148,783.44857,1375.80262,1406.29358,0.10104
0.10147,0.05288,0.02051,1000.21981,1564.96593,567.74908,-0.3793
0.10132,0.05149,0.01953,1170.90464,1726.9023,248.68341,-2.36913
0.15729,0.06194,0.02246,1024.18104,1686.46262,300.10367,-2.75061
0.15729,0.07294,0.03516,1110.31428,1536.33643,458.47324,-5.31042
0.51627,0.16641,0.04199,1129.46229,1537.10061,350.09433,-8.69668
0.70996,0.32368,0.04102,1316.05954,1351.62115,453.34552,-8.31948
0.70996,0.33138,0.03906,1012.82474,1214.01038,1420.82715,-8.66955
0.49722,0.20595,0.04199,1009.27885,1175.43169,1312.86255,-4.56375
0.38321,0.1717,0.06738,1167.67527,1231.8221,659.68738,-5.25323
0.38321,0.16461,0.0752,1107.16529,1198.60297,802.13068,-3.9745
0.2872,0.12952,0.07324,1101.34168,1200.42227,878.70831,-8.26657
0.3093,0.11873,0.08398,1129.70664,1163.20734,904.40881,-6.41343
0.3093,0.12489,0.08203,1108.77592,1152.44158,1453.53662,-5.93914
0.32968,0.15308,0.07422,1132.63975,1067.10369,1356.11072,-7.57688
0.44138,0.16174,0.04688,669.86696,857.92839,22529.49023,-7.16446
0.64966,0.2037,0.04492,776.06994,967.70158,3192.26099,-7.80303
0.71295,0.26836,0.08984,1623.26595,1658.56923,66.4513,-11.90624
0.71295,0.24984,0.08789,1797.17988,1882.78319,34.97295,-11.68021
0.4491,0.1969,0.06641,1173.21412,1297.26774,383.22852,-11.07229
0.57083,0.20149,0.08105,1298.66248,1289.17121,320.17358,-8.86166
0.57083,0.2002,0.10449,1465.02694,1281.22843,193.41602,-7.60094
0.44489,0.1676,0.10156,1394.16499,1267.63825,216.32607,-8.55011
0.39453,0.13061,0.09473,1332.99363,1171.09926,445.82092,-6.66863
0.34311,0.11497,0.08594,1191.91852,1107.06848,830.96368,-5.93953
0.29041,0.12241,0.07422,1360.01075,1275.29305,92.42352,-5.10768
0.28918,0.10597,0.0752,1163.87651,1300.92583,127.55102,-5.98686
0.21899,0.07373,0.08594,1189.69048,1301.71675,117.0619,-6.87343
0.1759,0.0634,0.0957,1256.28196,1278.88705,82.66883,-7.08045
0.15231,0.05998,0.09082,1236.49054,1241.19805,114.10934,-4.86755
0.15231,0.06282,0.08691,1202.64293,1244.61949,145.67946,-5.09519
0.20197,0.06685,0.07129,1101.50286,1156.62463,616.88489,-5.32362
0.43094,0.1164,0.05566,1057.73982,1402.1747,345.47287,-9.16685
0.59018,0.25754,0.0625,1380.65373,1388.60786,75.22134,-9.04522
0.59018,0.29533,0.05176,1308.01262,1318.41505,78.52309,-9.45327
0.51401,0.22449,0.04199,1024.69339,1174.2124,414.86618,-8.22033
0.41077,0.18886,0.05566,1217.32883,1315.86863,280.40259,-7.19928
0.41077,0.18329,0.05957,1105.41945,1128.31467,513.50476,-7.1271
0.39749,0.17518,0.05469,1012.63585,1091.00112,820.89502,-10.10601
0.39749,0.15987,0.04395,1015.42856,1081.83773,678.93695,-8.20002
0.358,0.13859,0.03809,973.98234,1017.49187,761.92731,-8.55114
0.31433,0.13668,0.06152,1155.57197,1089.99086,592.53619,-10.50321
0.34534,0.14061,0.06055,1116.62112,1093.58709,649.07928,-11.22942
0.41122,0.15378,0.03906,707.13873,837.37265,4941.91309,-8.05756
0.41122,0.12045,0.05273,1182.52985,1430.8384,323.13547,-9.3956
